,Offense Score,Defense Score,Drive Number,Play Number,Period,totalseconds,Offense Timeouts,Yard Line,Yards To Goal,Down,Distance,L1 Play Yards,L2 Play Yards,Play Type,L1 Yards Gained,L2 Yards Gained,L1 Play Type,L2 Play Type,L1 Down,L2 Down,L1 Distance,L1 Distance
0,7,0,1,2,1,889,3.0,75,75,1,10,,,3,,,4,4,,,,
2,7,0,3,1,1,740,3.0,65,65,1,10,75.0,,3,75.0,,3,4,1.0,,10.0,10.0
3,7,0,3,2,1,720,3.0,63,63,2,8,2.0,75.0,1,2.0,75.0,3,3,1.0,1.0,10.0,10.0
4,7,0,3,3,1,690,3.0,56,56,3,1,7.0,2.0,3,7.0,2.0,1,3,2.0,1.0,8.0,8.0
5,7,0,3,4,1,660,3.0,57,57,4,2,-1.0,7.0,3,-1.0,7.0,3,1,3.0,2.0,1.0,1.0
6,7,0,3,5,1,630,3.0,50,50,1,10,7.0,-1.0,1,7.0,-1.0,3,3,4.0,3.0,2.0,2.0
7,7,0,3,6,1,610,3.0,28,28,1,10,22.0,7.0,3,22.0,7.0,1,3,1.0,4.0,10.0,10.0
8,7,0,3,7,1,572,3.0,29,29,2,11,-1.0,22.0,1,-1.0,22.0,3,1,1.0,1.0,10.0,10.0
9,7,0,3,8,1,550,3.0,29,29,3,11,0.0,-1.0,3,0.0,-1.0,1,3,2.0,1.0,11.0,11.0
10,7,0,3,9,1,540,3.0,17,17,1,10,12.0,0.0,3,12.0,0.0,3,1,3.0,2.0,11.0,11.0
12,14,0,3,11,1,524,3.0,5,5,1,5,12.0,12.0,3,12.0,12.0,3,3,1.0,3.0,10.0,10.0
15,21,0,6,1,1,380,3.0,82,82,1,10,5.0,12.0,1,5.0,12.0,3,3,1.0,1.0,5.0,5.0
16,21,0,6,2,1,360,3.0,75,75,2,3,7.0,5.0,1,7.0,5.0,1,3,1.0,1.0,10.0,10.0
17,21,0,6,3,1,310,3.0,67,67,1,10,8.0,7.0,3,8.0,7.0,1,1,2.0,1.0,3.0,3.0
18,21,0,6,4,1,285,3.0,71,71,2,14,-4.0,8.0,1,-4.0,8.0,3,1,1.0,2.0,10.0,10.0
19,21,0,6,5,1,255,3.0,61,61,3,4,10.0,-4.0,3,10.0,-4.0,1,3,2.0,1.0,14.0,14.0
20,28,0,6,6,1,240,3.0,21,21,1,10,40.0,10.0,1,40.0,10.0,3,1,3.0,2.0,4.0,4.0
22,28,0,8,1,1,90,3.0,74,74,1,10,21.0,40.0,3,21.0,40.0,1,3,1.0,3.0,10.0,10.0
23,28,0,8,2,1,80,3.0,67,67,2,3,7.0,21.0,3,7.0,21.0,3,1,1.0,1.0,10.0,10.0
24,28,0,8,3,1,45,3.0,66,66,3,2,1.0,7.0,3,1.0,7.0,3,3,2.0,1.0,3.0,3.0
25,28,0,8,4,1,10,3.0,65,65,4,1,1.0,1.0,3,1.0,1.0,3,3,3.0,2.0,2.0,2.0
27,28,0,8,6,2,880,3.0,63,63,1,10,2.0,1.0,1,2.0,1.0,3,3,4.0,3.0,1.0,1.0
28,28,0,8,7,2,860,3.0,44,44,1,10,19.0,2.0,1,19.0,2.0,1,3,1.0,4.0,10.0,10.0
29,28,0,8,8,2,839,3.0,42,42,2,8,2.0,19.0,1,2.0,19.0,1,1,1.0,1.0,10.0,10.0
30,28,0,8,9,2,833,3.0,42,42,3,8,0.0,2.0,1,0.0,2.0,1,1,2.0,1.0,8.0,8.0
31,28,0,8,10,2,825,3.0,42,42,4,8,0.0,0.0,2,0.0,0.0,1,1,3.0,2.0,8.0,8.0
32,28,0,10,1,2,645,2.0,65,65,1,10,0.0,0.0,1,0.0,0.0,2,1,4.0,3.0,8.0,8.0
34,28,0,10,3,2,585,2.0,61,61,3,6,3.0,0.0,1,3.0,0.0,1,2,1.0,4.0,10.0,10.0
35,28,0,10,4,2,537,2.0,51,51,1,10,10.0,3.0,1,10.0,3.0,1,1,3.0,1.0,6.0,6.0
36,28,0,10,5,2,515,2.0,51,51,2,10,0.0,10.0,3,0.0,10.0,1,1,1.0,3.0,10.0,10.0
37,28,0,10,6,2,470,2.0,46,46,3,5,5.0,0.0,1,5.0,0.0,3,1,2.0,1.0,10.0,10.0
38,28,0,10,7,2,450,2.0,32,32,1,10,14.0,5.0,1,14.0,5.0,1,3,3.0,2.0,5.0,5.0
39,35,0,10,8,2,439,2.0,13,13,1,10,19.0,14.0,1,19.0,14.0,1,1,1.0,3.0,10.0,10.0
41,35,0,12,1,2,270,2.0,41,41,1,10,13.0,19.0,1,13.0,19.0,1,1,1.0,1.0,10.0,10.0
42,35,0,12,2,2,240,2.0,30,30,1,10,11.0,13.0,1,11.0,13.0,1,1,1.0,1.0,10.0,10.0
43,35,0,12,3,2,210,2.0,14,14,1,10,16.0,11.0,3,16.0,11.0,1,1,1.0,1.0,10.0,10.0
44,35,0,12,4,2,160,2.0,18,18,2,14,-4.0,16.0,1,-4.0,16.0,3,1,1.0,1.0,10.0,10.0
45,35,0,12,5,2,137,2.0,22,22,3,18,-4.0,-4.0,1,-4.0,-4.0,1,3,2.0,1.0,14.0,14.0
46,38,0,12,6,2,131,2.0,22,22,4,18,0.0,-4.0,0,0.0,-4.0,1,1,3.0,2.0,18.0,18.0
48,38,7,14,2,2,0,2.0,75,75,1,10,39.0,0.0,3,39.0,0.0,0,1,4.0,3.0,18.0,18.0
51,38,14,16,2,3,870,3.0,75,75,1,10,-1.0,39.0,3,-1.0,39.0,3,0,1.0,4.0,10.0,10.0
52,38,14,16,3,3,840,3.0,72,72,2,7,3.0,-1.0,1,3.0,-1.0,3,3,1.0,1.0,10.0,10.0
53,38,14,16,4,3,810,3.0,67,67,3,2,5.0,3.0,3,5.0,3.0,1,3,2.0,1.0,7.0,7.0
54,38,14,16,5,3,780,3.0,62,62,1,10,5.0,5.0,1,5.0,5.0,3,1,3.0,2.0,2.0,2.0
55,38,14,16,6,3,780,3.0,53,53,2,1,9.0,5.0,3,9.0,5.0,1,3,1.0,3.0,10.0,10.0
56,38,14,16,7,3,712,3.0,55,55,2,3,-2.0,9.0,1,-2.0,9.0,3,1,2.0,1.0,1.0,1.0
57,38,14,16,8,3,702,3.0,44,44,1,10,11.0,-2.0,1,11.0,-2.0,1,3,2.0,2.0,3.0,3.0
58,38,14,16,9,3,690,3.0,44,44,2,10,0.0,11.0,3,0.0,11.0,1,1,1.0,2.0,10.0,10.0
59,38,14,16,10,3,645,3.0,40,40,3,6,4.0,0.0,3,4.0,0.0,3,1,2.0,1.0,10.0,10.0
60,38,14,16,11,3,585,3.0,29,29,1,10,11.0,4.0,1,11.0,4.0,3,3,3.0,2.0,6.0,6.0
61,38,14,16,12,3,565,3.0,16,16,1,10,13.0,11.0,3,13.0,11.0,1,3,1.0,3.0,10.0,10.0
62,38,14,16,13,3,528,3.0,14,14,2,8,2.0,13.0,1,2.0,13.0,3,1,1.0,1.0,10.0,10.0
63,40,14,18,2,3,420,3.0,76,76,1,10,12.0,2.0,1,12.0,2.0,1,3,2.0,1.0,8.0,8.0
64,40,14,18,3,3,390,3.0,64,64,1,10,12.0,12.0,3,12.0,12.0,1,1,1.0,2.0,10.0,10.0
65,40,14,18,4,3,345,3.0,61,61,2,7,3.0,12.0,1,3.0,12.0,3,1,1.0,1.0,10.0,10.0
66,47,14,18,5,3,332,3.0,52,52,1,10,9.0,3.0,3,9.0,3.0,1,3,2.0,1.0,7.0,7.0
68,47,21,20,2,3,120,3.0,75,75,1,10,52.0,9.0,1,52.0,9.0,3,1,1.0,2.0,10.0,10.0
69,47,21,20,3,3,90,3.0,72,72,2,7,3.0,52.0,3,3.0,52.0,1,3,1.0,1.0,10.0,10.0
70,47,21,20,4,3,60,3.0,64,64,1,10,8.0,3.0,1,8.0,3.0,3,1,2.0,1.0,7.0,7.0
71,47,21,20,5,3,30,3.0,62,62,2,8,2.0,8.0,3,2.0,8.0,1,3,1.0,2.0,10.0,10.0
73,47,21,20,7,4,885,3.0,60,60,3,6,2.0,2.0,1,2.0,2.0,3,1,2.0,1.0,8.0,8.0
74,47,21,20,8,4,840,3.0,41,41,1,10,19.0,2.0,3,19.0,2.0,1,3,3.0,2.0,6.0,6.0
75,47,21,20,9,4,795,3.0,38,38,2,7,3.0,19.0,3,3.0,19.0,3,1,1.0,3.0,10.0,10.0
76,47,21,20,10,4,750,3.0,23,23,1,10,15.0,3.0,3,15.0,3.0,3,3,2.0,1.0,7.0,7.0
77,47,21,20,11,4,710,3.0,18,18,2,5,5.0,15.0,3,5.0,15.0,3,3,1.0,2.0,10.0,10.0
78,47,21,20,12,4,660,3.0,22,22,3,9,-4.0,5.0,3,-4.0,5.0,3,3,2.0,1.0,5.0,5.0
79,50,21,20,13,4,629,3.0,20,20,4,7,2.0,-4.0,0,2.0,-4.0,3,3,3.0,2.0,9.0,9.0
81,50,21,22,1,4,300,3.0,87,87,1,10,37.0,2.0,3,37.0,2.0,0,3,4.0,3.0,7.0,7.0
82,50,21,22,2,4,270,3.0,59,59,1,10,28.0,37.0,3,28.0,37.0,3,0,1.0,4.0,10.0,10.0
83,50,21,22,3,4,210,3.0,54,54,2,5,5.0,28.0,3,5.0,28.0,3,3,1.0,1.0,10.0,10.0
84,50,21,22,4,4,180,3.0,54,54,3,5,0.0,5.0,3,0.0,5.0,3,3,2.0,1.0,5.0,5.0
85,50,21,22,5,4,131,3.0,51,51,4,2,3.0,0.0,2,3.0,0.0,3,3,3.0,2.0,5.0,5.0
86,0,0,1,2,1,899,3.0,25,75,1,10,,,1,,,4,4,,,,
87,0,0,1,3,1,872,3.0,34,66,2,1,9.0,,3,9.0,,1,4,1.0,,10.0,10.0
88,0,0,1,4,1,839,3.0,41,59,1,10,7.0,9.0,3,7.0,9.0,3,1,2.0,1.0,1.0,1.0
89,0,0,1,5,1,810,3.0,42,58,2,9,1.0,7.0,1,1.0,7.0,3,3,1.0,2.0,10.0,10.0
90,0,0,1,6,1,793,3.0,56,44,1,10,14.0,1.0,1,14.0,1.0,1,3,2.0,1.0,9.0,9.0
91,0,0,1,7,1,786,3.0,56,44,2,10,0.0,14.0,1,0.0,14.0,1,1,1.0,2.0,10.0,10.0
92,0,0,1,8,1,764,3.0,68,32,1,10,12.0,0.0,1,12.0,0.0,1,1,2.0,1.0,10.0,10.0
93,0,0,1,9,1,741,3.0,89,11,1,10,21.0,12.0,1,21.0,12.0,1,1,1.0,2.0,10.0,10.0
94,0,0,1,10,1,736,3.0,89,11,2,10,0.0,21.0,1,0.0,21.0,1,1,1.0,1.0,10.0,10.0
95,0,0,1,11,1,728,3.0,89,11,3,10,0.0,0.0,3,0.0,0.0,1,1,2.0,1.0,10.0,10.0
96,3,0,1,12,1,691,3.0,90,10,4,9,1.0,0.0,0,1.0,0.0,3,1,3.0,2.0,10.0,10.0
98,3,0,3,1,1,503,3.0,10,90,1,10,27.0,1.0,3,27.0,1.0,0,3,4.0,3.0,9.0,9.0
99,3,0,3,2,1,464,3.0,14,86,2,6,4.0,27.0,3,4.0,27.0,3,0,1.0,4.0,10.0,10.0
100,3,0,3,3,1,432,3.0,14,86,3,6,0.0,4.0,1,0.0,4.0,3,3,2.0,1.0,6.0,6.0
103,3,0,3,6,1,355,3.0,11,89,2,20,2.0,0.0,3,2.0,0.0,1,3,3.0,2.0,6.0,6.0
104,3,0,3,7,1,331,3.0,17,83,3,14,6.0,2.0,1,6.0,2.0,3,1,2.0,3.0,20.0,20.0
105,3,0,3,8,1,294,3.0,27,73,4,4,10.0,6.0,2,10.0,6.0,1,3,3.0,2.0,14.0,14.0
106,3,0,5,1,1,0,3.0,12,88,1,10,0.0,10.0,3,0.0,10.0,2,1,4.0,3.0,4.0,4.0
108,3,0,5,3,2,900,3.0,14,86,2,8,2.0,0.0,3,2.0,0.0,3,2,1.0,4.0,10.0,10.0
109,3,0,5,4,2,878,3.0,13,87,3,9,-1.0,2.0,3,-1.0,2.0,3,3,2.0,1.0,8.0,8.0
110,3,0,5,5,2,824,3.0,19,81,4,3,6.0,-1.0,2,6.0,-1.0,3,3,3.0,2.0,9.0,9.0
112,3,0,7,2,2,664,3.0,12,88,2,11,6.0,6.0,1,6.0,6.0,2,3,4.0,3.0,3.0,3.0
113,3,0,7,3,2,657,3.0,12,88,3,11,0.0,6.0,1,0.0,6.0,1,2,2.0,4.0,11.0,11.0
114,3,0,7,4,2,644,3.0,12,88,4,11,0.0,0.0,2,0.0,0.0,1,1,3.0,2.0,11.0,11.0
115,3,0,9,1,2,541,3.0,22,78,1,10,0.0,0.0,1,0.0,0.0,2,1,4.0,3.0,11.0,11.0
116,3,0,9,2,2,520,3.0,28,72,2,4,6.0,0.0,3,6.0,0.0,1,2,1.0,4.0,10.0,10.0
117,3,0,9,3,2,484,3.0,26,74,3,6,-2.0,6.0,1,-2.0,6.0,3,1,2.0,1.0,4.0,4.0
118,3,0,9,4,2,471,3.0,26,74,4,6,0.0,-2.0,2,0.0,-2.0,1,3,3.0,2.0,6.0,6.0
119,3,6,11,2,2,96,2.0,25,75,1,10,0.0,0.0,3,0.0,0.0,2,1,4.0,3.0,6.0,6.0
120,3,6,11,3,2,68,2.0,27,73,2,8,2.0,0.0,1,2.0,0.0,3,2,1.0,4.0,10.0,10.0
121,3,6,11,4,2,52,2.0,38,62,1,10,11.0,2.0,1,11.0,2.0,1,3,2.0,1.0,8.0,8.0
122,3,6,11,5,2,43,2.0,52,48,1,10,14.0,11.0,1,14.0,11.0,1,1,1.0,2.0,10.0,10.0
123,3,6,11,6,2,30,2.0,63,37,1,10,11.0,14.0,1,11.0,14.0,1,1,1.0,1.0,10.0,10.0
124,3,6,11,7,2,24,2.0,63,37,2,10,0.0,11.0,3,0.0,11.0,1,1,1.0,1.0,10.0,10.0
126,3,6,11,9,2,17,1.0,67,33,3,6,4.0,0.0,1,4.0,0.0,3,1,2.0,1.0,10.0,10.0
127,10,6,11,10,2,2,1.0,80,20,1,10,13.0,4.0,1,13.0,4.0,1,3,3.0,2.0,6.0,6.0
131,10,13,14,2,3,652,3.0,25,75,1,10,20.0,13.0,1,20.0,13.0,1,1,1.0,3.0,10.0,10.0
132,10,13,14,3,3,632,3.0,32,68,2,3,7.0,20.0,1,7.0,20.0,1,1,1.0,1.0,10.0,10.0
133,10,13,14,4,3,629,3.0,32,68,3,3,0.0,7.0,3,0.0,7.0,1,1,2.0,1.0,3.0,3.0
134,10,13,14,5,3,587,3.0,34,66,4,1,2.0,0.0,3,2.0,0.0,3,1,3.0,2.0,3.0,3.0
135,10,13,14,6,3,543,3.0,36,64,1,10,2.0,2.0,1,2.0,2.0,3,3,4.0,3.0,1.0,1.0
136,10,13,14,7,3,522,3.0,43,57,2,3,7.0,2.0,3,7.0,2.0,1,3,1.0,4.0,10.0,10.0
137,10,13,14,8,3,504,3.0,48,52,1,10,5.0,7.0,1,5.0,7.0,3,1,2.0,1.0,3.0,3.0
138,10,13,14,9,3,486,3.0,61,39,1,10,13.0,5.0,1,13.0,5.0,1,3,1.0,2.0,10.0,10.0
139,10,13,14,10,3,472,3.0,66,34,2,5,5.0,13.0,3,5.0,13.0,1,1,1.0,1.0,10.0,10.0
140,10,13,14,11,3,457,3.0,72,28,1,10,6.0,5.0,1,6.0,5.0,3,1,2.0,1.0,5.0,5.0
141,10,13,14,12,3,448,3.0,72,28,2,10,0.0,6.0,1,0.0,6.0,1,3,1.0,2.0,10.0,10.0
142,10,13,14,13,3,409,3.0,75,25,3,7,3.0,0.0,3,3.0,0.0,1,1,2.0,1.0,10.0,10.0
144,13,13,14,15,3,375,2.0,79,21,4,3,4.0,3.0,0,4.0,3.0,3,1,3.0,2.0,7.0,7.0
147,13,13,16,2,3,233,2.0,61,39,1,10,39.0,4.0,3,39.0,4.0,0,3,4.0,3.0,3.0,3.0
148,13,13,16,3,3,194,2.0,61,39,2,10,0.0,39.0,3,0.0,39.0,3,0,1.0,4.0,10.0,10.0
149,13,13,16,4,3,160,2.0,65,35,3,6,4.0,0.0,1,4.0,0.0,3,3,2.0,1.0,10.0,10.0
150,13,13,16,5,3,136,2.0,76,24,1,10,11.0,4.0,3,11.0,4.0,1,3,3.0,2.0,6.0,6.0
151,20,13,16,6,3,88,2.0,78,22,2,8,2.0,11.0,1,2.0,11.0,3,1,1.0,3.0,10.0,10.0
153,20,20,18,2,4,600,2.0,25,75,1,10,22.0,2.0,1,22.0,2.0,1,3,2.0,1.0,8.0,8.0
154,20,20,18,3,4,574,2.0,31,69,2,4,6.0,22.0,3,6.0,22.0,1,1,1.0,2.0,10.0,10.0
156,20,20,18,5,4,526,2.0,41,59,1,10,0.0,6.0,1,0.0,6.0,3,1,2.0,1.0,4.0,4.0
158,20,20,18,7,4,509,2.0,56,44,1,10,0.0,0.0,3,0.0,0.0,1,3,1.0,2.0,10.0,10.0
159,20,20,18,8,4,458,2.0,57,43,2,9,1.0,0.0,3,1.0,0.0,3,1,1.0,1.0,10.0,10.0
160,20,20,18,9,4,419,2.0,55,45,3,11,-2.0,1.0,1,-2.0,1.0,3,3,2.0,1.0,9.0,9.0
162,20,20,18,11,4,345,2.0,59,41,4,7,9.0,-2.0,2,9.0,-2.0,1,3,3.0,2.0,11.0,11.0
163,20,20,20,1,4,127,1.0,10,90,1,10,0.0,9.0,1,0.0,9.0,2,1,4.0,3.0,7.0,7.0
164,20,20,20,2,4,114,1.0,10,90,2,10,0.0,0.0,3,0.0,0.0,1,2,1.0,4.0,10.0,10.0
165,20,20,20,3,4,103,1.0,23,77,1,10,13.0,0.0,1,13.0,0.0,3,1,2.0,1.0,10.0,10.0
167,20,20,20,5,4,94,0.0,23,77,2,10,0.0,13.0,3,0.0,13.0,1,3,1.0,2.0,10.0,10.0
168,20,20,20,6,4,85,0.0,32,68,3,1,9.0,0.0,3,9.0,0.0,3,1,2.0,1.0,10.0,10.0
169,20,20,20,7,4,54,0.0,39,61,1,10,7.0,9.0,1,7.0,9.0,3,3,3.0,2.0,1.0,1.0
172,20,20,20,10,4,35,0.0,44,56,1,20,0.0,7.0,1,0.0,7.0,1,3,1.0,3.0,10.0,10.0
173,20,20,20,11,4,28,0.0,81,19,1,10,37.0,0.0,3,37.0,0.0,1,1,1.0,1.0,20.0,20.0
175,20,20,20,13,4,22,0.0,82,18,2,9,1.0,37.0,1,1.0,37.0,3,1,1.0,1.0,10.0,10.0
176,20,20,20,14,4,18,0.0,82,18,3,9,0.0,1.0,1,0.0,1.0,1,3,2.0,1.0,9.0,9.0
177,20,20,20,15,4,8,0.0,82,18,4,9,0.0,0.0,0,0.0,0.0,1,1,3.0,2.0,9.0,9.0
178,20,20,23,1,5,0,,75,25,1,10,35.0,0.0,1,35.0,0.0,0,1,4.0,3.0,9.0,9.0
179,20,20,23,2,5,0,,75,25,2,10,0.0,35.0,3,0.0,35.0,1,0,1.0,4.0,10.0,10.0
180,20,20,23,3,5,0,,77,23,3,8,2.0,0.0,3,2.0,0.0,3,1,2.0,1.0,10.0,10.0
181,20,20,23,4,5,0,,80,20,4,5,3.0,2.0,0,3.0,2.0,3,3,3.0,2.0,8.0,8.0
183,20,20,24,1,6,0,,75,25,1,10,37.0,3.0,1,37.0,3.0,0,3,4.0,3.0,5.0,5.0
184,20,20,24,2,6,0,,75,25,2,10,0.0,37.0,1,0.0,37.0,1,0,1.0,4.0,10.0,10.0
185,20,20,24,3,6,0,,95,5,1,5,20.0,0.0,3,20.0,0.0,1,1,2.0,1.0,10.0,10.0
186,26,20,24,4,6,0,,97,3,2,3,2.0,20.0,3,2.0,20.0,3,1,1.0,2.0,5.0,5.0
189,0,0,1,2,1,900,3.0,75,75,1,10,,,1,,,4,4,,,,
191,0,0,1,4,1,900,3.0,44,44,2,14,35.0,,3,35.0,,1,4,1.0,,10.0,10.0
192,0,0,1,5,1,900,3.0,40,40,3,10,4.0,35.0,3,4.0,35.0,3,1,2.0,1.0,14.0,14.0
193,0,0,1,6,1,743,3.0,37,37,4,7,3.0,4.0,1,3.0,4.0,3,3,3.0,2.0,10.0,10.0
194,0,7,3,2,1,621,3.0,75,75,1,10,1.0,3.0,3,1.0,3.0,1,3,4.0,3.0,7.0,7.0
195,0,7,3,3,1,621,3.0,72,72,2,7,3.0,1.0,3,3.0,1.0,3,1,1.0,4.0,10.0,10.0
196,0,7,3,4,1,621,3.0,70,70,3,5,2.0,3.0,1,2.0,3.0,3,3,2.0,1.0,7.0,7.0
197,0,7,3,5,1,524,3.0,70,70,4,5,0.0,2.0,2,0.0,2.0,1,3,3.0,2.0,5.0,5.0
198,0,10,5,2,1,266,3.0,75,75,1,10,0.0,0.0,1,0.0,0.0,2,1,4.0,3.0,5.0,5.0
200,0,10,5,4,1,266,2.0,74,74,2,9,1.0,0.0,3,1.0,0.0,1,2,1.0,4.0,10.0,10.0
201,0,10,5,5,1,266,2.0,68,68,3,3,6.0,1.0,3,6.0,1.0,3,1,2.0,1.0,9.0,9.0
202,0,10,5,6,1,266,2.0,63,63,1,10,5.0,6.0,1,5.0,6.0,3,3,3.0,2.0,3.0,3.0
203,0,10,5,7,1,266,2.0,55,55,2,2,8.0,5.0,3,8.0,5.0,1,3,1.0,3.0,10.0,10.0
204,0,10,5,8,1,266,2.0,55,55,3,2,0.0,8.0,3,0.0,8.0,3,1,2.0,1.0,2.0,2.0
205,0,10,5,9,1,266,2.0,52,52,1,10,3.0,0.0,1,3.0,0.0,3,3,3.0,2.0,2.0,2.0
206,0,10,5,10,1,266,2.0,43,43,2,1,9.0,3.0,3,9.0,3.0,1,3,1.0,3.0,10.0,10.0
207,0,10,5,11,1,266,2.0,32,32,1,10,11.0,9.0,3,11.0,9.0,3,1,2.0,1.0,1.0,1.0
208,0,10,5,12,1,0,2.0,32,32,1,10,4.0,11.0,3,4.0,11.0,3,3,1.0,2.0,10.0,10.0
210,7,10,5,14,2,893,2.0,28,28,2,6,4.0,4.0,1,4.0,4.0,3,3,1.0,1.0,10.0,10.0
212,7,17,7,2,2,700,2.0,73,73,1,10,28.0,4.0,1,28.0,4.0,1,3,2.0,1.0,6.0,6.0
214,7,17,7,4,2,700,2.0,79,79,2,16,4.0,28.0,1,4.0,28.0,1,1,1.0,2.0,10.0,10.0
215,7,17,7,5,2,700,2.0,67,67,3,4,12.0,4.0,1,12.0,4.0,1,1,2.0,1.0,16.0,16.0
216,7,17,7,6,2,700,2.0,51,51,1,10,16.0,12.0,3,16.0,12.0,1,1,3.0,2.0,4.0,4.0
218,7,17,7,8,2,700,1.0,51,51,2,10,0.0,16.0,1,0.0,16.0,3,1,1.0,3.0,10.0,10.0
220,7,17,7,10,2,700,1.0,52,52,3,11,9.0,0.0,1,9.0,0.0,1,3,2.0,1.0,10.0,10.0
221,7,17,7,11,2,700,1.0,35,35,1,10,17.0,9.0,1,17.0,9.0,1,1,3.0,2.0,11.0,11.0
222,7,17,7,12,2,700,1.0,23,23,1,10,12.0,17.0,1,12.0,17.0,1,1,1.0,3.0,10.0,10.0
223,7,17,7,13,2,700,1.0,23,23,2,10,0.0,12.0,1,0.0,12.0,1,1,1.0,1.0,10.0,10.0
224,7,17,7,14,2,700,1.0,21,21,3,8,2.0,0.0,1,2.0,0.0,1,1,2.0,1.0,10.0,10.0
225,7,17,7,15,2,357,1.0,21,21,4,8,0.0,2.0,0,0.0,2.0,1,1,3.0,2.0,8.0,8.0
226,7,24,9,2,2,24,0.0,75,75,1,10,38.0,0.0,3,38.0,0.0,0,1,4.0,3.0,8.0,8.0
227,7,24,9,3,2,0,0.0,75,75,1,10,2.0,38.0,3,2.0,38.0,3,0,1.0,4.0,10.0,10.0
230,7,31,11,2,3,709,3.0,73,73,1,10,2.0,2.0,3,2.0,2.0,3,3,1.0,1.0,10.0,10.0
231,7,31,11,3,3,709,3.0,71,71,2,8,2.0,2.0,3,2.0,2.0,3,3,1.0,1.0,10.0,10.0
232,7,31,11,4,3,709,3.0,69,69,3,6,2.0,2.0,1,2.0,2.0,3,3,2.0,1.0,8.0,8.0
233,7,31,11,5,3,614,3.0,64,64,4,1,5.0,2.0,3,5.0,2.0,1,3,3.0,2.0,6.0,6.0
234,7,38,13,2,3,494,3.0,72,72,1,10,-1.0,5.0,1,-1.0,5.0,3,1,4.0,3.0,1.0,1.0
235,7,38,13,3,3,494,3.0,58,58,1,10,14.0,-1.0,1,14.0,-1.0,1,3,1.0,4.0,10.0,10.0
236,7,38,13,4,3,494,3.0,40,40,1,10,18.0,14.0,1,18.0,14.0,1,1,1.0,1.0,10.0,10.0
237,7,38,13,5,3,494,3.0,40,40,2,10,0.0,18.0,1,0.0,18.0,1,1,1.0,1.0,10.0,10.0
238,7,38,13,6,3,494,3.0,40,40,3,10,0.0,0.0,1,0.0,0.0,1,1,2.0,1.0,10.0,10.0
239,7,38,13,7,3,494,3.0,40,40,4,10,0.0,0.0,3,0.0,0.0,1,1,3.0,2.0,10.0,10.0
240,7,38,13,8,3,398,3.0,40,40,4,10,5.0,0.0,3,5.0,0.0,3,1,4.0,3.0,10.0,10.0
241,7,38,15,1,3,339,3.0,88,88,1,10,5.0,5.0,3,5.0,5.0,3,3,4.0,4.0,10.0,10.0
242,7,38,15,2,3,339,3.0,86,86,2,8,2.0,5.0,3,2.0,5.0,3,3,1.0,4.0,10.0,10.0
243,7,38,15,3,3,339,3.0,83,83,3,5,3.0,2.0,1,3.0,2.0,3,3,2.0,1.0,8.0,8.0
244,7,38,15,4,3,243,3.0,83,83,4,5,0.0,3.0,2,0.0,3.0,1,3,3.0,2.0,5.0,5.0
245,7,38,17,1,3,109,2.0,55,55,1,10,0.0,0.0,1,0.0,0.0,2,1,4.0,3.0,5.0,5.0
246,7,38,17,2,3,109,2.0,48,48,2,3,7.0,0.0,3,7.0,0.0,1,2,1.0,4.0,10.0,10.0
247,7,38,17,3,3,109,2.0,46,46,3,1,2.0,7.0,3,2.0,7.0,3,1,2.0,1.0,3.0,3.0
248,7,38,17,4,3,109,2.0,43,43,1,10,3.0,2.0,1,3.0,2.0,3,3,3.0,2.0,1.0,1.0
249,7,38,17,5,3,109,2.0,43,43,2,10,0.0,3.0,3,0.0,3.0,1,3,1.0,3.0,10.0,10.0
250,7,38,17,6,3,0,2.0,43,43,2,10,-2.0,0.0,3,-2.0,0.0,3,1,2.0,1.0,10.0,10.0
252,7,38,17,8,4,900,2.0,45,45,3,12,-2.0,-2.0,1,-2.0,-2.0,3,3,2.0,2.0,10.0,10.0
254,14,38,17,10,4,845,2.0,18,18,1,10,17.0,-2.0,1,17.0,-2.0,1,3,3.0,2.0,12.0,12.0
256,14,38,19,1,4,751,2.0,25,25,1,10,18.0,17.0,1,18.0,17.0,1,1,1.0,3.0,10.0,10.0
257,14,38,19,2,4,751,2.0,21,21,2,6,4.0,18.0,1,4.0,18.0,1,1,1.0,1.0,10.0,10.0
258,14,38,19,3,4,751,2.0,21,21,3,6,0.0,4.0,1,0.0,4.0,1,1,2.0,1.0,6.0,6.0
260,20,38,19,5,4,639,2.0,2,2,1,2,11.0,0.0,3,11.0,0.0,1,1,3.0,2.0,6.0,6.0
262,20,41,21,2,4,136,2.0,75,75,1,10,2.0,11.0,1,2.0,11.0,3,1,1.0,3.0,2.0,2.0
263,20,41,21,3,4,136,2.0,67,67,2,2,8.0,2.0,3,8.0,2.0,1,3,1.0,1.0,10.0,10.0
264,20,41,21,4,4,136,2.0,63,63,1,10,4.0,8.0,1,4.0,8.0,3,1,2.0,1.0,2.0,2.0
265,20,41,21,5,4,136,2.0,59,59,2,6,4.0,4.0,1,4.0,4.0,1,3,1.0,2.0,10.0,10.0
266,20,41,21,6,4,136,2.0,59,59,3,6,0.0,4.0,1,0.0,4.0,1,1,2.0,1.0,6.0,6.0
267,20,41,21,7,4,136,2.0,53,53,1,10,6.0,0.0,1,6.0,0.0,1,1,3.0,2.0,6.0,6.0
268,20,41,21,8,4,136,2.0,39,39,1,10,14.0,6.0,1,14.0,6.0,1,1,1.0,3.0,10.0,10.0
270,20,41,21,10,4,136,1.0,32,32,2,3,7.0,14.0,1,7.0,14.0,1,1,1.0,1.0,10.0,10.0
271,20,41,21,11,4,136,1.0,19,19,1,10,13.0,7.0,1,13.0,7.0,1,1,2.0,1.0,3.0,3.0
272,20,41,21,12,4,136,1.0,19,19,2,10,0.0,13.0,1,0.0,13.0,1,1,1.0,2.0,10.0,10.0
274,20,41,21,14,4,136,0.0,14,14,3,5,5.0,0.0,1,5.0,0.0,1,1,2.0,1.0,10.0,10.0
275,20,41,21,15,4,0,0.0,14,14,4,5,0.0,5.0,1,0.0,5.0,1,1,3.0,2.0,5.0,5.0
277,0,0,1,2,1,895,3.0,22,78,1,10,,,3,,,4,4,,,,
278,0,0,1,3,1,895,3.0,24,76,2,8,2.0,,3,2.0,,3,4,1.0,,10.0,10.0
279,0,0,1,4,1,895,3.0,26,74,3,6,2.0,2.0,1,2.0,2.0,3,3,2.0,1.0,8.0,8.0
280,0,0,1,5,1,834,3.0,26,74,4,6,0.0,2.0,2,0.0,2.0,1,3,3.0,2.0,6.0,6.0
282,0,3,3,2,1,599,1.0,25,75,1,10,0.0,0.0,3,0.0,0.0,2,1,4.0,3.0,6.0,6.0
283,0,3,3,3,1,599,1.0,25,75,2,10,0.0,0.0,1,0.0,0.0,3,2,1.0,4.0,10.0,10.0
284,0,3,3,4,1,599,1.0,31,69,3,4,6.0,0.0,1,6.0,0.0,1,3,2.0,1.0,10.0,10.0
285,0,3,3,5,1,480,1.0,30,70,4,5,1.0,6.0,2,1.0,6.0,1,1,3.0,2.0,4.0,4.0
286,0,3,5,1,1,265,0.0,9,91,1,10,0.0,1.0,1,0.0,1.0,2,1,4.0,3.0,5.0,5.0
287,0,3,5,2,1,265,0.0,56,44,1,10,47.0,0.0,3,47.0,0.0,1,2,1.0,4.0,10.0,10.0
288,0,3,5,3,1,265,0.0,62,38,2,4,6.0,47.0,1,6.0,47.0,3,1,1.0,1.0,10.0,10.0
289,7,3,5,4,1,170,0.0,94,6,1,6,32.0,6.0,3,32.0,6.0,1,3,2.0,1.0,4.0,4.0
292,7,10,7,2,2,783,-1.0,25,75,1,10,6.0,32.0,1,6.0,32.0,3,1,1.0,2.0,6.0,6.0
293,7,10,7,3,2,783,-1.0,35,65,1,10,10.0,6.0,1,10.0,6.0,1,3,1.0,1.0,10.0,10.0
294,7,10,7,4,2,783,-1.0,42,58,2,3,7.0,10.0,3,7.0,10.0,1,1,1.0,1.0,10.0,10.0
296,7,10,7,6,2,783,-1.0,39,61,3,6,2.0,7.0,3,2.0,7.0,3,1,2.0,1.0,3.0,3.0
297,7,10,7,7,2,783,-1.0,46,54,1,10,7.0,2.0,1,7.0,2.0,3,3,3.0,2.0,6.0,6.0
298,7,10,7,8,2,783,-1.0,46,54,2,10,0.0,7.0,1,0.0,7.0,1,3,1.0,3.0,10.0,10.0
299,7,10,7,9,2,783,-1.0,50,50,3,6,4.0,0.0,3,4.0,0.0,1,1,2.0,1.0,10.0,10.0
300,7,10,7,10,2,554,-1.0,50,50,4,6,0.0,4.0,2,0.0,4.0,3,1,3.0,2.0,6.0,6.0
302,7,10,9,2,2,212,-3.0,24,76,1,10,0.0,0.0,1,0.0,0.0,2,3,4.0,3.0,6.0,6.0
303,7,10,9,3,2,212,-3.0,32,68,2,2,8.0,0.0,3,8.0,0.0,1,2,1.0,4.0,10.0,10.0
304,7,10,9,4,2,212,-3.0,26,74,3,8,6.0,8.0,1,6.0,8.0,3,1,2.0,1.0,2.0,2.0
305,7,10,9,5,2,212,-3.0,49,51,1,10,23.0,6.0,1,23.0,6.0,1,3,3.0,2.0,8.0,8.0
306,7,10,9,6,2,212,-3.0,49,51,2,10,0.0,23.0,3,0.0,23.0,1,1,1.0,3.0,10.0,10.0
307,7,10,9,7,2,212,-3.0,53,47,3,6,4.0,0.0,1,4.0,0.0,3,1,2.0,1.0,10.0,10.0
309,7,10,9,9,2,65,-4.0,66,34,1,10,13.0,4.0,3,13.0,4.0,1,3,3.0,2.0,6.0,6.0
310,7,10,9,10,2,65,-4.0,75,25,2,1,9.0,13.0,3,9.0,13.0,3,1,1.0,3.0,10.0,10.0
311,7,10,9,11,2,65,-4.0,79,21,1,10,4.0,9.0,1,4.0,9.0,3,3,2.0,1.0,1.0,1.0
312,7,10,9,12,2,65,-4.0,82,18,2,7,3.0,4.0,1,3.0,4.0,1,3,1.0,2.0,10.0,10.0
314,7,10,9,14,2,19,-5.0,82,18,3,7,0.0,3.0,1,0.0,3.0,1,1,2.0,1.0,7.0,7.0
315,7,10,9,15,2,19,-5.0,97,3,1,3,15.0,0.0,1,15.0,0.0,1,1,3.0,2.0,7.0,7.0
317,14,10,9,17,2,4,-5.0,97,3,2,3,0.0,15.0,1,0.0,15.0,1,1,1.0,3.0,3.0,3.0
321,14,10,11,1,3,778,3.0,17,83,1,10,3.0,0.0,3,3.0,0.0,1,1,2.0,1.0,3.0,3.0
322,14,10,11,2,3,778,3.0,31,69,1,10,14.0,3.0,3,14.0,3.0,3,1,1.0,2.0,10.0,10.0
323,14,10,11,3,3,778,3.0,30,70,2,11,1.0,14.0,3,1.0,14.0,3,3,1.0,1.0,10.0,10.0
324,14,10,11,4,3,778,3.0,55,45,1,10,25.0,1.0,1,25.0,1.0,3,3,2.0,1.0,11.0,11.0
325,14,10,11,5,3,778,3.0,55,45,2,10,0.0,25.0,3,0.0,25.0,1,3,1.0,2.0,10.0,10.0
326,14,10,11,6,3,778,3.0,72,28,1,10,17.0,0.0,1,17.0,0.0,3,1,2.0,1.0,10.0,10.0
330,14,10,11,10,3,524,2.0,94,6,1,6,14.0,17.0,3,14.0,17.0,1,3,1.0,2.0,10.0,10.0
331,21,10,11,11,3,471,2.0,97,3,2,3,3.0,14.0,1,3.0,14.0,3,1,1.0,1.0,6.0,6.0
333,21,10,13,1,3,337,0.0,33,67,1,10,3.0,3.0,1,3.0,3.0,1,3,2.0,1.0,3.0,3.0
334,21,10,13,2,3,337,0.0,35,65,2,8,2.0,3.0,1,2.0,3.0,1,1,1.0,2.0,10.0,10.0
335,21,10,13,3,3,337,0.0,37,63,3,6,2.0,2.0,1,2.0,2.0,1,1,2.0,1.0,8.0,8.0
336,21,10,13,4,3,337,0.0,63,37,1,10,26.0,2.0,1,26.0,2.0,1,1,3.0,2.0,6.0,6.0
337,21,10,13,5,3,337,0.0,76,24,1,10,13.0,26.0,1,13.0,26.0,1,1,1.0,3.0,10.0,10.0
338,21,10,13,6,3,337,0.0,79,21,2,7,3.0,13.0,1,3.0,13.0,1,1,1.0,1.0,10.0,10.0
339,21,10,13,7,3,337,0.0,79,21,3,7,0.0,3.0,3,0.0,3.0,1,1,2.0,1.0,7.0,7.0
340,21,10,13,8,3,337,0.0,87,13,1,10,8.0,0.0,3,8.0,0.0,3,1,3.0,2.0,7.0,7.0
341,28,10,13,9,3,73,0.0,91,9,2,6,4.0,8.0,1,4.0,8.0,3,3,1.0,3.0,10.0,10.0
346,28,17,15,3,4,894,-1.0,27,73,2,8,9.0,4.0,3,9.0,4.0,1,3,2.0,1.0,6.0,6.0
348,28,17,15,5,4,894,-1.0,29,71,3,6,7.0,9.0,1,7.0,9.0,3,1,2.0,2.0,8.0,8.0
349,28,17,15,6,4,741,-1.0,34,66,4,1,5.0,7.0,2,5.0,7.0,1,3,3.0,2.0,6.0,6.0
351,28,17,17,2,4,633,-3.0,53,47,1,10,0.0,5.0,3,0.0,5.0,2,1,4.0,3.0,1.0,1.0
352,28,17,17,3,4,633,-3.0,53,47,2,10,0.0,0.0,1,0.0,0.0,3,2,1.0,4.0,10.0,10.0
355,28,17,17,6,4,578,-4.0,45,55,3,18,8.0,0.0,1,8.0,0.0,1,3,2.0,1.0,10.0,10.0
357,28,17,17,8,4,491,-4.0,59,41,4,4,14.0,8.0,1,14.0,8.0,1,1,3.0,2.0,18.0,18.0
358,28,17,17,9,4,491,-4.0,59,41,4,4,0.0,14.0,1,0.0,14.0,1,1,4.0,3.0,4.0,4.0
359,28,17,19,1,4,427,-4.0,28,72,1,10,0.0,0.0,3,0.0,0.0,1,1,4.0,4.0,4.0,4.0
360,28,17,19,2,4,427,-4.0,33,67,2,5,5.0,0.0,3,5.0,0.0,3,1,1.0,4.0,10.0,10.0
361,35,17,19,3,4,331,-4.0,32,68,3,6,1.0,5.0,1,1.0,5.0,3,3,2.0,1.0,5.0,5.0
363,35,24,21,2,4,195,-5.0,25,75,1,10,68.0,1.0,3,68.0,1.0,1,3,3.0,2.0,6.0,6.0
366,35,24,21,5,4,148,-6.0,85,15,1,15,70.0,68.0,3,70.0,68.0,3,1,1.0,3.0,10.0,10.0
367,35,24,21,6,4,148,-6.0,90,10,2,10,5.0,70.0,3,5.0,70.0,3,3,1.0,1.0,15.0,15.0
369,35,24,21,8,4,92,-6.0,89,11,3,11,1.0,5.0,3,1.0,5.0,3,3,2.0,1.0,10.0,10.0
371,38,24,21,10,4,84,-6.0,92,8,4,8,3.0,1.0,0,3.0,1.0,3,3,3.0,2.0,11.0,11.0
373,38,24,23,1,4,0,-6.0,56,44,1,10,25.0,3.0,3,25.0,3.0,0,3,4.0,3.0,8.0,8.0
376,0,7,2,2,1,624,3.0,35,65,1,10,,,1,,,4,4,,,,
377,7,7,2,3,1,596,3.0,69,31,1,10,34.0,,1,34.0,,1,4,1.0,,10.0,10.0
380,14,7,5,1,1,260,3.0,11,89,1,10,31.0,34.0,1,31.0,34.0,1,1,1.0,1.0,10.0,10.0
381,14,7,5,2,1,251,3.0,11,89,2,10,0.0,31.0,1,0.0,31.0,1,1,1.0,1.0,10.0,10.0
382,14,7,5,3,1,249,3.0,11,89,3,10,0.0,0.0,1,0.0,0.0,1,1,2.0,1.0,10.0,10.0
383,14,7,5,4,1,235,3.0,11,89,4,10,0.0,0.0,2,0.0,0.0,1,1,3.0,2.0,10.0,10.0
384,14,7,7,1,2,860,3.0,12,88,1,10,4.0,0.0,3,4.0,0.0,2,1,4.0,3.0,10.0,10.0
385,14,7,7,2,2,840,3.0,7,93,2,15,-5.0,4.0,3,-5.0,4.0,3,2,1.0,4.0,10.0,10.0
386,14,7,7,3,2,798,3.0,7,93,3,15,0.0,-5.0,1,0.0,-5.0,3,3,2.0,1.0,15.0,15.0
387,14,7,7,4,2,746,3.0,5,95,4,17,-2.0,0.0,2,-2.0,0.0,1,3,3.0,2.0,15.0,15.0
388,14,10,9,2,2,547,3.0,17,83,1,10,18.0,-2.0,1,18.0,-2.0,2,1,4.0,3.0,17.0,17.0
390,14,10,9,4,2,470,3.0,17,83,3,10,9.0,18.0,3,9.0,18.0,1,2,1.0,4.0,10.0,10.0
391,14,10,9,5,2,433,3.0,15,85,4,12,-2.0,9.0,2,-2.0,9.0,3,1,3.0,1.0,10.0,10.0
392,14,17,11,2,2,290,3.0,25,75,1,10,3.0,-2.0,1,3.0,-2.0,2,3,4.0,3.0,12.0,12.0
393,14,17,11,3,2,267,3.0,31,69,2,4,6.0,3.0,3,6.0,3.0,1,2,1.0,4.0,10.0,10.0
394,14,17,11,4,2,233,3.0,33,67,3,2,2.0,6.0,1,2.0,6.0,3,1,2.0,1.0,4.0,4.0
395,14,17,11,5,2,225,3.0,43,57,1,10,10.0,2.0,1,10.0,2.0,1,3,3.0,2.0,2.0,2.0
396,14,17,11,6,2,205,3.0,83,17,1,10,40.0,10.0,1,40.0,10.0,1,1,1.0,3.0,10.0,10.0
397,14,17,11,7,2,198,3.0,83,17,2,10,0.0,40.0,1,0.0,40.0,1,1,1.0,1.0,10.0,10.0
399,14,17,11,9,2,170,3.0,78,22,3,15,0.0,0.0,3,0.0,0.0,1,1,2.0,1.0,10.0,10.0
400,17,17,11,10,2,152,3.0,72,28,4,21,-6.0,0.0,0,-6.0,0.0,3,1,3.0,2.0,15.0,15.0
402,17,17,13,1,2,12,3.0,20,80,1,10,45.0,-6.0,3,45.0,-6.0,0,3,4.0,3.0,21.0,21.0
404,17,17,14,2,3,872,3.0,30,70,1,10,-1.0,45.0,3,-1.0,45.0,3,0,1.0,4.0,10.0,10.0
405,17,17,14,3,3,849,3.0,33,67,2,7,3.0,-1.0,3,3.0,-1.0,3,3,1.0,1.0,10.0,10.0
406,17,17,14,4,3,818,3.0,47,53,1,10,14.0,3.0,1,14.0,3.0,3,3,2.0,1.0,7.0,7.0
407,17,17,14,5,3,783,3.0,62,38,1,10,15.0,14.0,3,15.0,14.0,1,3,1.0,2.0,10.0,10.0
408,17,17,14,6,3,759,3.0,70,30,2,2,8.0,15.0,1,8.0,15.0,3,1,1.0,1.0,10.0,10.0
409,24,17,14,7,3,739,3.0,86,14,1,10,16.0,8.0,1,16.0,8.0,1,3,2.0,1.0,2.0,2.0
411,24,20,16,2,3,589,3.0,25,75,1,10,14.0,16.0,3,14.0,16.0,1,1,1.0,2.0,10.0,10.0
412,24,20,16,3,3,569,3.0,25,75,2,10,0.0,14.0,3,0.0,14.0,3,1,1.0,1.0,10.0,10.0
413,24,20,16,4,3,522,3.0,25,75,3,10,0.0,0.0,1,0.0,0.0,3,3,2.0,1.0,10.0,10.0
414,24,20,16,5,3,486,3.0,42,58,1,10,17.0,0.0,3,17.0,0.0,1,3,3.0,2.0,10.0,10.0
415,24,20,16,6,3,449,3.0,44,56,2,8,2.0,17.0,1,2.0,17.0,3,1,1.0,3.0,10.0,10.0
417,24,20,16,8,3,398,3.0,66,34,1,15,27.0,2.0,1,27.0,2.0,1,3,2.0,1.0,8.0,8.0
418,31,20,16,9,3,372,3.0,92,8,1,8,26.0,27.0,1,26.0,27.0,1,1,1.0,2.0,15.0,15.0
420,31,20,18,1,3,163,3.0,15,85,1,10,8.0,26.0,1,8.0,26.0,1,1,1.0,1.0,8.0,8.0
421,31,20,18,2,3,158,3.0,15,85,2,10,0.0,8.0,1,0.0,8.0,1,1,1.0,1.0,10.0,10.0
422,31,20,18,3,3,149,3.0,15,85,3,10,0.0,0.0,3,0.0,0.0,1,1,2.0,1.0,10.0,10.0
424,31,20,18,5,3,109,3.0,33,67,1,15,23.0,0.0,1,23.0,0.0,3,1,3.0,2.0,10.0,10.0
425,31,20,18,6,3,96,3.0,68,32,1,10,35.0,23.0,3,35.0,23.0,1,3,1.0,3.0,15.0,15.0
426,31,20,18,7,3,69,3.0,78,22,1,10,10.0,35.0,1,10.0,35.0,3,1,1.0,1.0,10.0,10.0
427,31,20,18,8,3,59,3.0,78,22,2,10,0.0,10.0,1,0.0,10.0,1,3,1.0,1.0,10.0,10.0
428,31,20,18,9,3,30,3.0,84,16,3,4,6.0,0.0,3,6.0,0.0,1,1,2.0,1.0,10.0,10.0
429,31,20,18,10,3,1,3.0,88,12,1,10,4.0,6.0,3,4.0,6.0,3,1,3.0,2.0,4.0,4.0
431,31,20,18,12,4,882,3.0,89,11,2,9,1.0,4.0,1,1.0,4.0,3,3,1.0,3.0,10.0,10.0
433,31,20,18,14,4,848,3.0,84,16,3,14,0.0,1.0,1,0.0,1.0,1,3,2.0,1.0,9.0,9.0
434,31,20,18,15,4,848,3.0,84,16,4,14,0.0,0.0,0,0.0,0.0,1,1,3.0,2.0,14.0,14.0
435,31,20,20,1,4,670,3.0,56,44,1,10,33.0,0.0,3,33.0,0.0,0,1,4.0,3.0,14.0,14.0
436,31,20,20,2,4,640,3.0,61,39,2,5,5.0,33.0,3,5.0,33.0,3,0,1.0,4.0,10.0,10.0
437,31,20,20,3,4,610,3.0,68,32,1,10,7.0,5.0,3,7.0,5.0,3,3,2.0,1.0,5.0,5.0
438,31,20,20,4,4,581,3.0,68,32,2,10,0.0,7.0,3,0.0,7.0,3,3,1.0,2.0,10.0,10.0
439,31,20,20,5,4,535,3.0,72,28,3,6,4.0,0.0,3,4.0,0.0,3,3,2.0,1.0,10.0,10.0
440,38,20,20,6,4,498,3.0,82,18,1,10,10.0,4.0,3,10.0,4.0,3,3,3.0,2.0,6.0,6.0
442,38,20,22,1,4,419,3.0,30,70,1,10,18.0,10.0,3,18.0,10.0,3,3,1.0,3.0,10.0,10.0
443,38,20,22,2,4,376,3.0,34,66,2,6,4.0,18.0,3,4.0,18.0,3,3,1.0,1.0,10.0,10.0
444,38,20,22,3,4,331,3.0,68,32,1,10,34.0,4.0,3,34.0,4.0,3,3,2.0,1.0,6.0,6.0
446,38,20,22,5,4,318,3.0,68,32,2,10,0.0,34.0,3,0.0,34.0,3,3,1.0,2.0,10.0,10.0
447,38,20,22,6,4,282,3.0,71,29,3,7,3.0,0.0,3,3.0,0.0,3,3,2.0,1.0,10.0,10.0
449,38,20,22,8,4,276,2.0,75,25,4,3,4.0,3.0,1,4.0,3.0,3,3,3.0,2.0,7.0,7.0
450,38,20,24,1,4,245,2.0,80,20,1,10,2.0,4.0,3,2.0,4.0,1,3,4.0,3.0,3.0,3.0
451,38,20,24,2,4,209,2.0,77,23,2,13,-3.0,2.0,3,-3.0,2.0,3,1,1.0,4.0,10.0,10.0
453,38,20,24,4,4,206,2.0,82,18,3,8,5.0,-3.0,1,5.0,-3.0,3,3,2.0,1.0,13.0,13.0
454,38,20,24,5,4,200,2.0,82,18,4,8,0.0,5.0,0,0.0,5.0,1,3,3.0,2.0,8.0,8.0
455,38,26,26,2,4,50,1.0,54,46,1,10,35.0,0.0,3,35.0,0.0,0,1,4.0,3.0,8.0,8.0
456,38,26,26,3,4,29,1.0,53,47,2,11,-1.0,35.0,3,-1.0,35.0,3,0,1.0,4.0,10.0,10.0
458,0,0,1,2,1,891,3.0,75,75,1,10,,,1,,,4,4,,,,
459,0,3,3,2,1,685,2.0,75,75,1,10,0.0,,3,0.0,,1,4,1.0,,10.0,10.0
460,0,3,3,3,1,685,2.0,62,62,1,10,13.0,0.0,3,13.0,0.0,3,1,1.0,1.0,10.0,10.0
461,0,3,3,4,1,685,2.0,59,59,2,7,3.0,13.0,3,3.0,13.0,3,3,1.0,1.0,10.0,10.0
462,0,3,3,5,1,685,2.0,55,55,3,3,4.0,3.0,1,4.0,3.0,3,3,2.0,1.0,7.0,7.0
463,0,3,3,6,1,573,2.0,55,55,4,3,0.0,4.0,2,0.0,4.0,1,3,3.0,2.0,3.0,3.0
465,0,3,5,2,1,501,1.0,22,22,2,6,0.0,0.0,3,0.0,0.0,2,1,4.0,3.0,3.0,3.0
466,0,3,5,3,1,501,1.0,13,13,1,10,9.0,0.0,3,9.0,0.0,3,2,2.0,4.0,6.0,6.0
467,0,3,5,4,1,501,1.0,3,3,1,3,10.0,9.0,3,10.0,9.0,3,3,1.0,2.0,10.0,10.0
468,0,3,5,5,1,501,1.0,2,2,2,2,1.0,10.0,3,1.0,10.0,3,3,1.0,1.0,3.0,3.0
469,0,3,5,6,1,501,1.0,1,1,3,1,1.0,1.0,3,1.0,1.0,3,3,2.0,1.0,2.0,2.0
470,6,3,5,7,1,272,1.0,2,2,4,2,-1.0,1.0,1,-1.0,1.0,3,3,3.0,2.0,1.0,1.0
473,6,10,7,2,2,859,1.0,75,75,1,10,2.0,-1.0,1,2.0,-1.0,1,3,4.0,3.0,2.0,2.0
474,6,10,7,3,2,859,1.0,69,69,2,4,6.0,2.0,3,6.0,2.0,1,1,1.0,4.0,10.0,10.0
475,6,10,7,4,2,859,1.0,69,69,3,4,0.0,6.0,1,0.0,6.0,3,1,2.0,1.0,4.0,4.0
476,6,10,7,5,2,771,1.0,69,69,4,4,0.0,0.0,2,0.0,0.0,1,3,3.0,2.0,4.0,4.0
479,6,18,11,3,2,63,0.0,75,75,1,10,0.0,0.0,1,0.0,0.0,2,1,4.0,3.0,4.0,4.0
480,6,18,11,4,2,63,0.0,72,72,2,7,3.0,0.0,3,3.0,0.0,1,2,1.0,4.0,10.0,10.0
481,6,18,11,5,2,63,0.0,63,63,1,10,9.0,3.0,1,9.0,3.0,3,1,2.0,1.0,7.0,7.0
482,6,18,11,6,2,63,0.0,63,63,2,10,0.0,9.0,1,0.0,9.0,1,3,1.0,2.0,10.0,10.0
483,6,18,11,7,2,0,0.0,63,63,3,10,0.0,0.0,3,0.0,0.0,1,1,2.0,1.0,10.0,10.0
486,6,25,13,2,3,485,3.0,75,75,1,10,7.0,0.0,3,7.0,0.0,3,1,3.0,2.0,10.0,10.0
487,6,25,13,3,3,485,3.0,69,69,2,4,6.0,7.0,3,6.0,7.0,3,3,1.0,3.0,10.0,10.0
488,6,25,13,4,3,485,3.0,68,68,3,3,1.0,6.0,3,1.0,6.0,3,3,2.0,1.0,4.0,4.0
489,6,25,13,5,3,485,3.0,58,58,1,10,10.0,1.0,1,10.0,1.0,3,3,3.0,2.0,3.0,3.0
490,13,25,13,6,3,327,3.0,53,53,2,5,5.0,10.0,1,5.0,10.0,1,3,1.0,3.0,10.0,10.0
493,13,25,15,2,3,239,3.0,93,93,2,16,53.0,5.0,1,53.0,5.0,1,1,2.0,1.0,5.0,5.0
494,13,25,15,3,3,239,3.0,95,95,3,18,-2.0,53.0,3,-2.0,53.0,1,1,2.0,2.0,16.0,16.0
495,13,25,15,4,3,239,3.0,75,75,1,10,20.0,-2.0,1,20.0,-2.0,3,1,3.0,2.0,18.0,18.0
496,13,25,15,5,3,239,3.0,75,75,2,10,0.0,20.0,3,0.0,20.0,1,3,1.0,3.0,10.0,10.0
497,13,25,15,6,3,239,3.0,69,69,3,4,6.0,0.0,1,6.0,0.0,3,1,2.0,1.0,10.0,10.0
498,13,25,15,7,3,239,3.0,61,61,1,10,8.0,6.0,1,8.0,6.0,1,3,3.0,2.0,4.0,4.0
499,13,25,15,8,3,0,3.0,43,43,1,10,18.0,8.0,3,18.0,8.0,1,1,1.0,3.0,10.0,10.0
501,13,25,15,10,4,900,3.0,43,43,2,10,0.0,18.0,3,0.0,18.0,3,1,1.0,1.0,10.0,10.0
502,20,25,15,11,4,858,3.0,28,28,1,10,15.0,0.0,3,15.0,0.0,3,3,2.0,1.0,10.0,10.0
504,20,25,17,1,4,702,3.0,83,83,1,10,28.0,15.0,1,28.0,15.0,3,3,1.0,2.0,10.0,10.0
506,20,25,17,3,4,671,3.0,83,83,2,10,0.0,28.0,3,0.0,28.0,1,3,1.0,1.0,10.0,10.0
507,20,25,17,4,4,671,3.0,80,80,3,7,3.0,0.0,1,3.0,0.0,3,1,2.0,1.0,10.0,10.0
508,20,25,17,5,4,654,3.0,80,80,4,7,0.0,3.0,2,0.0,3.0,1,3,3.0,2.0,7.0,7.0
509,20,28,19,2,4,367,3.0,75,75,1,10,6.0,0.0,3,6.0,0.0,2,1,4.0,3.0,7.0,7.0
510,20,28,19,3,4,367,3.0,66,66,2,1,9.0,6.0,3,9.0,6.0,3,2,1.0,4.0,10.0,10.0
511,20,28,19,4,4,367,3.0,63,63,1,10,3.0,9.0,1,3.0,9.0,3,3,2.0,1.0,1.0,1.0
512,20,28,19,5,4,367,3.0,36,36,1,10,27.0,3.0,3,27.0,3.0,1,3,1.0,2.0,10.0,10.0
513,20,28,19,6,4,367,3.0,31,31,2,5,5.0,27.0,3,5.0,27.0,3,1,1.0,1.0,10.0,10.0
515,20,28,19,8,4,222,2.0,28,28,3,2,3.0,5.0,3,3.0,5.0,3,3,2.0,1.0,5.0,5.0
516,20,28,19,9,4,217,2.0,27,27,4,1,1.0,3.0,3,1.0,3.0,3,3,3.0,2.0,2.0,2.0
518,0,0,2,1,1,784,3.0,52,48,1,10,,,3,,,4,4,,,,
519,0,0,2,2,1,766,3.0,52,48,2,10,0.0,,3,0.0,,3,4,1.0,,10.0,10.0
520,0,0,2,3,1,739,3.0,55,45,3,7,3.0,0.0,1,3.0,0.0,3,3,2.0,1.0,10.0,10.0
521,0,0,2,4,1,730,3.0,55,45,4,7,0.0,3.0,2,0.0,3.0,1,3,3.0,2.0,7.0,7.0
522,0,0,4,1,1,629,3.0,18,82,1,10,0.0,0.0,3,0.0,0.0,2,1,4.0,3.0,7.0,7.0
523,0,0,4,2,1,591,3.0,20,80,2,8,2.0,0.0,1,2.0,0.0,3,2,1.0,4.0,10.0,10.0
525,0,0,4,4,1,544,3.0,45,55,1,10,10.0,2.0,3,10.0,2.0,1,3,2.0,1.0,8.0,8.0
526,0,0,4,5,1,505,3.0,50,50,2,5,5.0,10.0,1,5.0,10.0,3,1,1.0,2.0,10.0,10.0
527,0,0,4,6,1,485,3.0,50,50,3,4,0.0,5.0,1,0.0,5.0,1,3,2.0,1.0,5.0,5.0
529,0,0,4,8,1,418,3.0,62,38,2,11,13.0,0.0,3,13.0,0.0,1,1,3.0,2.0,4.0,4.0
530,0,0,4,9,1,373,3.0,65,35,3,8,3.0,13.0,1,3.0,13.0,3,1,2.0,3.0,11.0,11.0
532,0,0,4,11,1,364,2.0,65,35,4,8,0.0,3.0,1,0.0,3.0,1,3,3.0,2.0,8.0,8.0
533,7,0,4,12,1,339,2.0,96,4,1,4,31.0,0.0,1,31.0,0.0,1,1,4.0,3.0,8.0,8.0
536,7,7,6,2,1,151,2.0,25,75,1,10,4.0,31.0,1,4.0,31.0,1,1,1.0,4.0,4.0,4.0
539,7,7,6,5,1,106,2.0,73,27,1,10,18.0,4.0,1,18.0,4.0,1,1,1.0,1.0,10.0,10.0
540,7,7,6,6,1,88,2.0,73,27,2,10,0.0,18.0,1,0.0,18.0,1,1,1.0,1.0,10.0,10.0
541,13,7,6,7,1,71,2.0,79,21,3,4,6.0,0.0,1,6.0,0.0,1,1,2.0,1.0,10.0,10.0
543,13,14,8,2,2,721,2.0,25,75,1,10,21.0,6.0,1,21.0,6.0,1,1,3.0,2.0,4.0,4.0
545,13,14,8,4,2,684,2.0,35,65,1,15,15.0,21.0,1,15.0,21.0,1,1,1.0,3.0,10.0,10.0
546,13,14,8,5,2,675,2.0,50,50,1,10,15.0,15.0,1,15.0,15.0,1,1,1.0,1.0,15.0,15.0
547,13,14,8,6,2,639,2.0,60,40,1,10,10.0,15.0,1,10.0,15.0,1,1,1.0,1.0,10.0,10.0
548,13,14,8,7,2,627,2.0,60,40,2,10,0.0,10.0,1,0.0,10.0,1,1,1.0,1.0,10.0,10.0
549,13,14,8,8,2,610,2.0,97,3,1,3,37.0,0.0,1,37.0,0.0,1,1,2.0,1.0,10.0,10.0
550,21,14,8,9,2,588,2.0,95,5,2,5,-2.0,37.0,3,-2.0,37.0,1,1,1.0,2.0,3.0,3.0
552,21,17,10,2,2,400,2.0,25,75,1,10,5.0,-2.0,1,5.0,-2.0,3,1,2.0,1.0,5.0,5.0
553,21,17,10,3,2,392,2.0,25,75,2,10,0.0,5.0,3,0.0,5.0,1,3,1.0,2.0,10.0,10.0
554,21,17,10,4,2,351,2.0,23,77,3,12,-2.0,0.0,3,-2.0,0.0,3,1,2.0,1.0,10.0,10.0
556,21,24,12,2,2,209,2.0,25,75,1,10,11.0,-2.0,3,11.0,-2.0,3,3,3.0,2.0,12.0,12.0
557,21,24,12,3,2,181,2.0,28,72,2,7,3.0,11.0,1,3.0,11.0,3,3,1.0,3.0,10.0,10.0
558,21,24,12,4,2,164,2.0,28,72,3,7,0.0,3.0,1,0.0,3.0,1,3,2.0,1.0,7.0,7.0
559,21,24,12,5,2,142,2.0,40,60,1,10,12.0,0.0,1,12.0,0.0,1,1,3.0,2.0,7.0,7.0
560,21,31,14,2,2,21,2.0,25,75,1,10,0.0,12.0,1,0.0,12.0,1,1,1.0,3.0,10.0,10.0
562,21,31,14,4,2,20,1.0,28,72,2,7,3.0,0.0,1,3.0,0.0,1,1,1.0,1.0,10.0,10.0
563,21,31,14,5,2,3,1.0,48,52,1,10,20.0,3.0,1,20.0,3.0,1,1,2.0,1.0,7.0,7.0
566,21,31,15,2,3,889,3.0,25,75,1,10,0.0,20.0,3,0.0,20.0,1,1,1.0,2.0,10.0,10.0
567,21,31,15,3,3,857,3.0,34,66,2,1,9.0,0.0,3,9.0,0.0,3,1,1.0,1.0,10.0,10.0
568,21,31,15,4,3,824,3.0,48,52,1,10,14.0,9.0,3,14.0,9.0,3,3,2.0,1.0,1.0,1.0
569,21,31,15,5,3,794,3.0,54,46,2,4,6.0,14.0,3,6.0,14.0,3,3,1.0,2.0,10.0,10.0
570,21,31,15,6,3,756,3.0,64,36,1,10,10.0,6.0,1,10.0,6.0,3,3,2.0,1.0,4.0,4.0
571,21,31,15,7,3,717,3.0,73,27,2,1,9.0,10.0,3,9.0,10.0,1,3,1.0,2.0,10.0,10.0
572,21,31,15,8,3,682,3.0,78,22,1,10,5.0,9.0,3,5.0,9.0,3,1,2.0,1.0,1.0,1.0
573,21,31,15,9,3,647,3.0,78,22,2,10,0.0,5.0,1,0.0,5.0,3,3,1.0,2.0,10.0,10.0
574,21,31,15,10,3,618,3.0,78,22,3,10,0.0,0.0,1,0.0,0.0,1,3,2.0,1.0,10.0,10.0
576,28,31,15,12,3,593,3.0,97,3,1,3,6.0,0.0,3,6.0,0.0,1,1,3.0,2.0,10.0,10.0
578,28,38,17,2,3,554,3.0,25,75,1,10,3.0,6.0,1,3.0,6.0,3,1,1.0,3.0,3.0,3.0
579,28,38,17,3,3,544,3.0,25,75,2,10,0.0,3.0,3,0.0,3.0,1,3,1.0,1.0,10.0,10.0
580,28,38,17,4,3,530,3.0,34,66,3,1,9.0,0.0,3,9.0,0.0,3,1,2.0,1.0,10.0,10.0
581,28,38,17,5,3,499,3.0,35,65,1,10,1.0,9.0,3,1.0,9.0,3,3,3.0,2.0,1.0,1.0
582,28,38,17,6,3,451,3.0,36,64,2,9,1.0,1.0,3,1.0,1.0,3,3,1.0,3.0,10.0,10.0
583,28,38,17,7,3,417,3.0,46,54,1,10,10.0,1.0,3,10.0,1.0,3,3,2.0,1.0,9.0,9.0
584,28,38,17,8,3,371,3.0,51,49,2,5,5.0,10.0,3,5.0,10.0,3,3,1.0,2.0,10.0,10.0
585,28,38,17,9,3,357,3.0,53,47,3,3,2.0,5.0,3,2.0,5.0,3,3,2.0,1.0,5.0,5.0
586,28,38,17,10,3,333,3.0,56,44,1,10,3.0,2.0,1,3.0,2.0,3,3,3.0,2.0,3.0,3.0
587,35,38,17,11,3,311,3.0,67,33,1,10,11.0,3.0,1,11.0,3.0,1,3,1.0,3.0,10.0,10.0
589,35,45,19,2,3,68,3.0,25,75,1,10,33.0,11.0,1,33.0,11.0,1,1,1.0,1.0,10.0,10.0
590,35,45,19,3,3,57,3.0,25,75,2,10,0.0,33.0,3,0.0,33.0,1,1,1.0,1.0,10.0,10.0
591,35,45,19,4,3,19,3.0,24,76,3,11,-1.0,0.0,1,-1.0,0.0,3,1,2.0,1.0,10.0,10.0
593,35,45,19,6,4,900,3.0,26,74,4,9,2.0,-1.0,2,2.0,-1.0,1,3,3.0,2.0,11.0,11.0
594,35,52,21,2,4,853,3.0,25,75,1,10,0.0,2.0,1,0.0,2.0,2,1,4.0,3.0,9.0,9.0
595,35,52,21,3,4,819,3.0,32,68,2,3,7.0,0.0,3,7.0,0.0,1,2,1.0,4.0,10.0,10.0
596,35,52,21,4,4,792,3.0,34,66,3,1,2.0,7.0,3,2.0,7.0,3,1,2.0,1.0,3.0,3.0
597,35,52,21,5,4,776,3.0,36,64,1,10,2.0,2.0,3,2.0,2.0,3,3,3.0,2.0,1.0,1.0
598,35,52,21,6,4,735,3.0,36,64,2,10,0.0,2.0,1,0.0,2.0,3,3,1.0,3.0,10.0,10.0
599,35,52,21,7,4,718,3.0,36,64,3,10,0.0,0.0,1,0.0,0.0,1,3,2.0,1.0,10.0,10.0
600,35,52,21,8,4,694,3.0,52,48,1,10,16.0,0.0,1,16.0,0.0,1,1,3.0,2.0,10.0,10.0
601,35,52,21,9,4,672,3.0,66,34,1,10,14.0,16.0,1,14.0,16.0,1,1,1.0,3.0,10.0,10.0
602,35,52,21,10,4,655,3.0,66,34,2,10,0.0,14.0,1,0.0,14.0,1,1,1.0,1.0,10.0,10.0
603,35,52,21,11,4,641,3.0,68,32,3,8,2.0,0.0,1,2.0,0.0,1,1,2.0,1.0,10.0,10.0
605,35,52,23,1,4,20,3.0,1,99,1,10,0.0,2.0,3,0.0,2.0,1,1,3.0,2.0,8.0,8.0
607,0,0,1,2,1,900,3.0,75,75,1,10,,,3,,,4,4,,,,
608,0,0,1,3,1,900,3.0,75,75,2,10,0.0,,1,0.0,,3,4,1.0,,10.0,10.0
609,0,0,1,4,1,900,3.0,75,75,3,10,0.0,0.0,1,0.0,0.0,1,3,2.0,1.0,10.0,10.0
610,0,0,1,5,1,814,3.0,67,67,4,2,8.0,0.0,2,8.0,0.0,1,1,3.0,2.0,10.0,10.0
611,0,3,3,2,1,441,3.0,76,76,1,10,0.0,8.0,1,0.0,8.0,2,1,4.0,3.0,2.0,2.0
612,0,3,3,3,1,441,3.0,58,58,1,10,18.0,0.0,3,18.0,0.0,1,2,1.0,4.0,10.0,10.0
613,0,3,3,4,1,441,3.0,49,49,2,1,9.0,18.0,3,9.0,18.0,3,1,1.0,1.0,10.0,10.0
614,0,3,3,5,1,441,3.0,45,45,1,10,4.0,9.0,1,4.0,9.0,3,3,2.0,1.0,1.0,1.0
615,0,3,3,6,1,441,3.0,45,45,2,10,0.0,4.0,1,0.0,4.0,1,3,1.0,2.0,10.0,10.0
617,7,3,3,8,1,254,3.0,46,46,3,11,4.0,0.0,1,4.0,0.0,1,1,2.0,1.0,10.0,10.0
619,7,3,5,1,1,204,3.0,27,27,1,10,46.0,4.0,3,46.0,4.0,1,1,3.0,2.0,11.0,11.0
620,14,3,5,2,1,161,3.0,20,20,2,3,7.0,46.0,1,7.0,46.0,3,1,1.0,3.0,10.0,10.0
622,14,10,7,2,2,839,3.0,75,75,1,10,20.0,7.0,1,20.0,7.0,1,3,2.0,1.0,3.0,3.0
623,14,10,7,3,2,839,3.0,75,75,2,10,0.0,20.0,1,0.0,20.0,1,1,1.0,2.0,10.0,10.0
624,14,10,7,4,2,839,3.0,51,51,1,10,24.0,0.0,1,24.0,0.0,1,1,2.0,1.0,10.0,10.0
625,14,10,7,5,2,839,3.0,51,51,2,10,0.0,24.0,1,0.0,24.0,1,1,1.0,2.0,10.0,10.0
626,14,10,7,6,2,839,3.0,51,51,3,10,0.0,0.0,3,0.0,0.0,1,1,2.0,1.0,10.0,10.0
627,14,10,7,7,2,723,3.0,47,47,4,6,4.0,0.0,2,4.0,0.0,3,1,3.0,2.0,10.0,10.0
629,14,17,9,3,2,306,3.0,82,82,2,17,0.0,4.0,3,0.0,4.0,2,3,4.0,3.0,6.0,6.0
630,14,17,9,4,2,306,3.0,60,60,1,10,22.0,0.0,1,22.0,0.0,3,2,2.0,4.0,17.0,17.0
631,14,17,9,5,2,306,3.0,40,40,1,10,20.0,22.0,1,20.0,22.0,1,3,1.0,2.0,10.0,10.0
632,14,17,9,6,2,306,3.0,32,32,2,2,8.0,20.0,3,8.0,20.0,1,1,1.0,1.0,10.0,10.0
633,14,17,9,7,2,306,3.0,33,33,3,3,-1.0,8.0,3,-1.0,8.0,3,1,2.0,1.0,2.0,2.0
634,14,17,9,8,2,75,3.0,39,39,4,9,-6.0,-1.0,1,-6.0,-1.0,3,3,3.0,2.0,3.0,3.0
637,14,27,12,2,3,549,3.0,70,70,1,10,0.0,-6.0,1,0.0,-6.0,1,3,4.0,3.0,9.0,9.0
639,14,27,12,4,3,549,3.0,60,60,1,15,15.0,0.0,1,15.0,0.0,1,1,1.0,4.0,10.0,10.0
640,14,27,12,5,3,549,3.0,65,65,2,20,-5.0,15.0,1,-5.0,15.0,1,1,1.0,1.0,15.0,15.0
641,14,27,12,6,3,549,3.0,65,65,3,20,0.0,-5.0,3,0.0,-5.0,1,1,2.0,1.0,20.0,20.0
642,14,27,12,7,3,430,3.0,52,52,4,7,13.0,0.0,2,13.0,0.0,3,1,3.0,2.0,20.0,20.0
643,14,34,14,2,3,414,3.0,75,75,1,10,0.0,13.0,1,0.0,13.0,2,3,4.0,3.0,7.0,7.0
644,14,34,14,3,3,414,3.0,74,74,2,9,1.0,0.0,1,1.0,0.0,1,2,1.0,4.0,10.0,10.0
645,14,34,14,4,3,414,3.0,74,74,3,9,0.0,1.0,1,0.0,1.0,1,1,2.0,1.0,9.0,9.0
646,14,34,14,5,3,358,3.0,74,74,4,9,0.0,0.0,2,0.0,0.0,1,1,3.0,2.0,9.0,9.0
647,14,34,16,1,3,116,3.0,59,59,1,10,0.0,0.0,1,0.0,0.0,2,1,4.0,3.0,9.0,9.0
648,14,34,16,2,3,87,3.0,56,56,2,7,3.0,0.0,1,3.0,0.0,1,2,1.0,4.0,10.0,10.0
650,14,34,16,4,3,87,3.0,45,45,1,10,0.0,3.0,1,0.0,3.0,1,1,2.0,1.0,7.0,7.0
652,14,34,16,6,3,87,3.0,47,47,3,12,0.0,0.0,1,0.0,0.0,1,1,1.0,2.0,10.0,10.0
653,14,34,16,7,3,16,3.0,47,47,4,12,0.0,0.0,1,0.0,0.0,1,1,3.0,1.0,12.0,12.0
654,14,41,18,2,4,636,3.0,75,75,1,10,0.0,0.0,3,0.0,0.0,1,1,4.0,3.0,12.0,12.0
655,14,41,18,3,4,636,3.0,76,76,2,11,-1.0,0.0,1,-1.0,0.0,3,1,1.0,4.0,10.0,10.0
656,14,41,18,4,4,636,3.0,68,68,3,3,8.0,-1.0,1,8.0,-1.0,1,3,2.0,1.0,11.0,11.0
659,14,41,18,7,4,636,3.0,61,61,1,15,12.0,8.0,1,12.0,8.0,1,1,3.0,2.0,3.0,3.0
660,14,41,18,8,4,636,3.0,61,61,2,15,0.0,12.0,1,0.0,12.0,1,1,1.0,3.0,15.0,15.0
661,14,41,18,9,4,636,3.0,56,56,3,10,5.0,0.0,1,5.0,0.0,1,1,2.0,1.0,15.0,15.0
662,14,41,18,10,4,466,3.0,56,56,4,10,0.0,5.0,2,0.0,5.0,1,1,3.0,2.0,10.0,10.0
663,14,41,20,1,4,293,3.0,61,61,1,10,0.0,0.0,3,0.0,0.0,2,1,4.0,3.0,10.0,10.0
664,14,41,20,2,4,293,3.0,59,59,2,8,2.0,0.0,1,2.0,0.0,3,2,1.0,4.0,10.0,10.0
665,14,41,20,3,4,293,3.0,59,59,3,8,0.0,2.0,3,0.0,2.0,1,3,2.0,1.0,8.0,8.0
666,14,41,20,4,4,293,3.0,51,51,1,10,8.0,0.0,3,8.0,0.0,3,1,3.0,2.0,8.0,8.0
667,14,41,20,5,4,293,3.0,39,39,1,10,12.0,8.0,1,12.0,8.0,3,3,1.0,3.0,10.0,10.0
668,14,41,20,6,4,293,3.0,39,39,2,10,0.0,12.0,3,0.0,12.0,1,3,1.0,1.0,10.0,10.0
669,14,41,20,7,4,293,3.0,32,32,3,3,7.0,0.0,1,7.0,0.0,3,1,2.0,1.0,10.0,10.0
670,14,41,20,8,4,169,3.0,32,32,4,3,0.0,7.0,1,0.0,7.0,1,3,3.0,2.0,3.0,3.0
672,0,0,2,1,1,758,3.0,40,60,1,10,,,3,,,4,4,,,,
673,0,0,2,2,1,726,3.0,46,54,2,4,6.0,,3,6.0,,3,4,1.0,,10.0,10.0
674,0,0,2,3,1,695,3.0,54,46,1,10,8.0,6.0,3,8.0,6.0,3,3,2.0,1.0,4.0,4.0
675,0,0,2,4,1,653,3.0,58,42,2,6,4.0,8.0,3,4.0,8.0,3,3,1.0,2.0,10.0,10.0
676,0,0,2,5,1,611,3.0,59,41,3,5,1.0,4.0,3,1.0,4.0,3,3,2.0,1.0,6.0,6.0
678,0,0,2,7,1,559,3.0,76,24,1,10,2.0,1.0,3,2.0,1.0,3,3,3.0,2.0,5.0,5.0
679,0,0,2,8,1,525,3.0,79,21,2,7,3.0,2.0,3,3.0,2.0,3,3,1.0,3.0,10.0,10.0
680,0,0,2,9,1,507,3.0,81,19,3,5,2.0,3.0,1,2.0,3.0,3,3,2.0,1.0,7.0,7.0
681,3,0,2,10,1,503,3.0,81,19,4,5,0.0,2.0,0,0.0,2.0,1,3,3.0,2.0,5.0,5.0
683,3,7,4,2,1,382,3.0,25,75,1,10,36.0,0.0,1,36.0,0.0,0,1,4.0,3.0,5.0,5.0
684,3,7,4,3,1,375,3.0,25,75,2,10,0.0,36.0,3,0.0,36.0,1,0,1.0,4.0,10.0,10.0
685,3,7,4,4,1,340,3.0,27,73,3,8,2.0,0.0,1,2.0,0.0,3,1,2.0,1.0,10.0,10.0
686,3,7,4,5,1,324,3.0,27,73,4,8,0.0,2.0,2,0.0,2.0,1,3,3.0,2.0,8.0,8.0
687,3,7,6,1,1,227,3.0,8,92,1,10,28.0,0.0,3,28.0,0.0,2,1,4.0,3.0,8.0,8.0
688,3,7,6,2,1,190,3.0,9,91,2,9,1.0,28.0,1,1.0,28.0,3,2,1.0,4.0,10.0,10.0
689,3,7,6,3,1,149,3.0,15,85,3,3,6.0,1.0,1,6.0,1.0,1,3,2.0,1.0,9.0,9.0
690,3,7,6,4,1,109,3.0,20,80,1,10,5.0,6.0,3,5.0,6.0,1,1,3.0,2.0,3.0,3.0
692,3,7,6,6,1,91,3.0,36,64,1,10,16.0,5.0,3,16.0,5.0,3,1,1.0,3.0,10.0,10.0
693,3,7,6,7,1,51,3.0,38,62,2,8,2.0,16.0,1,2.0,16.0,3,3,1.0,1.0,10.0,10.0
697,3,7,6,11,2,893,3.0,43,57,1,15,5.0,2.0,3,5.0,2.0,1,3,2.0,1.0,8.0,8.0
698,3,7,6,12,2,857,3.0,67,33,1,10,24.0,5.0,3,24.0,5.0,3,1,1.0,2.0,15.0,15.0
699,3,7,6,13,2,816,3.0,71,29,2,6,4.0,24.0,3,4.0,24.0,3,3,1.0,1.0,10.0,10.0
700,10,7,6,14,2,776,3.0,76,24,3,1,5.0,4.0,3,5.0,4.0,3,3,2.0,1.0,6.0,6.0
702,10,10,8,2,2,548,3.0,21,79,1,10,24.0,5.0,3,24.0,5.0,3,3,3.0,2.0,1.0,1.0
703,10,10,8,3,2,503,3.0,21,79,2,10,0.0,24.0,1,0.0,24.0,3,3,1.0,3.0,10.0,10.0
704,10,10,8,4,2,495,3.0,21,79,3,10,0.0,0.0,1,0.0,0.0,1,3,2.0,1.0,10.0,10.0
705,10,10,8,5,2,478,3.0,35,65,1,10,14.0,0.0,1,14.0,0.0,1,1,3.0,2.0,10.0,10.0
706,10,10,8,6,2,441,3.0,32,68,2,13,-3.0,14.0,1,-3.0,14.0,1,1,1.0,3.0,10.0,10.0
707,10,10,8,7,2,433,3.0,32,68,3,13,0.0,-3.0,3,0.0,-3.0,1,1,2.0,1.0,13.0,13.0
708,10,10,8,8,2,394,3.0,47,53,1,10,15.0,0.0,3,15.0,0.0,3,1,3.0,2.0,13.0,13.0
709,17,10,8,9,2,361,3.0,70,30,1,10,23.0,15.0,1,23.0,15.0,3,3,1.0,3.0,10.0,10.0
711,17,17,10,2,2,152,3.0,18,82,1,10,30.0,23.0,1,30.0,23.0,1,3,1.0,1.0,10.0,10.0
712,17,17,10,3,2,117,3.0,24,76,2,4,6.0,30.0,3,6.0,30.0,1,1,1.0,1.0,10.0,10.0
713,17,17,10,4,2,78,3.0,25,75,3,3,1.0,6.0,3,1.0,6.0,3,1,2.0,1.0,4.0,4.0
715,17,17,10,6,2,59,3.0,27,73,4,1,2.0,1.0,2,2.0,1.0,3,3,3.0,2.0,3.0,3.0
716,17,17,12,2,3,895,3.0,25,75,1,10,0.0,2.0,3,0.0,2.0,2,3,4.0,3.0,1.0,1.0
717,17,17,12,3,3,855,3.0,31,69,2,4,6.0,0.0,3,6.0,0.0,3,2,1.0,4.0,10.0,10.0
718,17,17,12,4,3,833,3.0,42,58,1,10,11.0,6.0,3,11.0,6.0,3,3,2.0,1.0,4.0,4.0
719,17,17,12,5,3,800,3.0,44,56,2,8,2.0,11.0,1,2.0,11.0,3,3,1.0,2.0,10.0,10.0
720,17,17,12,6,3,780,3.0,66,34,1,10,22.0,2.0,3,22.0,2.0,1,3,2.0,1.0,8.0,8.0
721,17,17,12,7,3,755,3.0,73,27,2,3,7.0,22.0,1,7.0,22.0,3,1,1.0,2.0,10.0,10.0
722,17,17,12,8,3,720,3.0,79,21,1,10,6.0,7.0,1,6.0,7.0,1,3,2.0,1.0,3.0,3.0
724,17,17,12,10,3,685,3.0,78,22,2,11,-1.0,6.0,1,-1.0,6.0,1,1,1.0,2.0,10.0,10.0
725,17,17,12,11,3,647,3.0,83,17,3,6,5.0,-1.0,3,5.0,-1.0,1,1,2.0,1.0,11.0,11.0
726,17,17,12,12,3,616,3.0,90,10,1,10,7.0,5.0,3,7.0,5.0,3,1,3.0,2.0,6.0,6.0
727,24,17,12,13,3,598,3.0,98,2,2,2,8.0,7.0,1,8.0,7.0,3,3,1.0,3.0,10.0,10.0
729,24,24,14,2,3,418,3.0,20,80,1,10,2.0,8.0,1,2.0,8.0,1,3,2.0,1.0,2.0,2.0
730,24,24,14,3,3,381,3.0,26,74,2,4,6.0,2.0,3,6.0,2.0,1,1,1.0,2.0,10.0,10.0
731,24,24,14,4,3,348,3.0,29,71,3,1,3.0,6.0,3,3.0,6.0,3,1,2.0,1.0,4.0,4.0
732,24,24,14,5,3,307,3.0,32,68,1,10,3.0,3.0,3,3.0,3.0,3,3,3.0,2.0,1.0,1.0
733,24,24,14,6,3,273,3.0,39,61,2,3,7.0,3.0,3,7.0,3.0,3,3,1.0,3.0,10.0,10.0
734,24,24,14,7,3,234,3.0,43,57,1,10,4.0,7.0,1,4.0,7.0,3,3,2.0,1.0,3.0,3.0
735,24,24,14,8,3,198,3.0,54,46,1,10,11.0,4.0,1,11.0,4.0,1,3,1.0,2.0,10.0,10.0
736,24,24,14,9,3,193,3.0,54,46,2,10,0.0,11.0,3,0.0,11.0,1,1,1.0,1.0,10.0,10.0
737,24,24,14,10,3,157,3.0,67,33,1,10,13.0,0.0,3,13.0,0.0,3,1,2.0,1.0,10.0,10.0
738,24,24,14,11,3,116,3.0,69,31,2,8,2.0,13.0,3,2.0,13.0,3,3,1.0,2.0,10.0,10.0
739,24,24,14,12,3,83,3.0,80,20,1,10,11.0,2.0,3,11.0,2.0,3,3,2.0,1.0,8.0,8.0
740,24,24,14,13,3,39,3.0,81,19,2,9,1.0,11.0,3,1.0,11.0,3,3,1.0,2.0,10.0,10.0
742,24,24,14,15,4,892,3.0,80,20,3,10,-1.0,1.0,1,-1.0,1.0,3,3,2.0,1.0,9.0,9.0
743,24,24,14,16,4,852,3.0,88,12,4,2,8.0,-1.0,3,8.0,-1.0,1,3,3.0,2.0,10.0,10.0
744,24,24,16,1,4,590,3.0,25,75,1,10,0.0,8.0,1,0.0,8.0,3,1,4.0,3.0,2.0,2.0
745,24,24,16,2,4,569,3.0,33,67,2,2,8.0,0.0,3,8.0,0.0,1,3,1.0,4.0,10.0,10.0
746,24,24,16,3,4,538,3.0,35,65,1,10,2.0,8.0,3,2.0,8.0,3,1,2.0,1.0,2.0,2.0
747,24,24,16,4,4,430,3.0,40,60,2,5,5.0,2.0,3,5.0,2.0,3,3,1.0,2.0,10.0,10.0
748,24,24,16,5,4,420,3.0,42,58,3,3,2.0,5.0,3,2.0,5.0,3,3,2.0,1.0,5.0,5.0
749,24,24,16,6,4,412,3.0,34,66,3,11,-8.0,2.0,1,-8.0,2.0,3,3,3.0,2.0,3.0,3.0
750,24,24,16,7,4,407,3.0,44,56,4,1,10.0,-8.0,3,10.0,-8.0,1,3,3.0,3.0,11.0,11.0
751,24,24,18,1,4,228,3.0,9,91,1,10,0.0,10.0,1,0.0,10.0,3,1,4.0,3.0,1.0,1.0
752,24,24,18,2,4,190,3.0,13,87,2,6,4.0,0.0,3,4.0,0.0,1,3,1.0,4.0,10.0,10.0
753,24,24,18,3,4,154,3.0,17,83,3,2,4.0,4.0,1,4.0,4.0,3,1,2.0,1.0,6.0,6.0
755,24,24,18,5,4,146,3.0,12,88,4,7,0.0,4.0,2,0.0,4.0,1,3,3.0,2.0,2.0,2.0
